DailyScore,WeeklyScore,MonthlyScore,sym,DailyScore_trend,WeeklyScore_trend,MonthlyScore_trend
0.693704710703732,0.6888555571909567,1.9609599786794079,MMM,0.03469858076635717,0.3338799504629265,0.7181498253359938
0.697125189467208,1.213246314732524,0.9237053164991406,AOS,-0.19721974240804477,-0.43891153873644095,0.054836649127488694
0.6279939572340656,0.7046637237752905,0.7984256726346065,ABT,-0.1695385182340866,0.23376464299823663,0.25368001190493844
1.4488555123441258,1.0232683078387832,1.5183944496293373,ABBV,-0.23121843335369507,-0.196596959889532,0.4878132192106745
0.5746618022383543,0.9876447922801155,0.7866261073423257,ACN,0.07986515634343219,0.31727756143415453,0.3026603738785705
0.802580024607098,1.0590402119654263,1.1834549439302822,ADM,-0.2599527471950904,-0.4622773882569367,-0.40048996250211344
1.3434640630187498,0.921508170059045,0.7326517608234009,ADBE,0.6664173061850989,0.1410591696903433,0.08650253541005419
0.8309516895655535,1.6837683414934919,1.4124576398215523,ADP,0.009153212756829638,0.7923127177717428,0.7369956374598414
1.4130485232656251,1.576720666796899,0.7869473920410582,AAP,0.6785038372447225,-0.1741838808005566,-0.6056694988184517
0.6715789991300238,1.588141415846956,0.7200658783504208,AES,-0.16991641637023877,-0.6418092585227383,-0.30557501767042466
1.457835805874509,1.066838874954651,2.0086874572237905,AFL,-0.607089501049788,0.23544422629082537,0.9263217547029939
1.5077252148920322,0.6048377034548205,0.7480954940898085,A,0.46677077735994066,0.05516625587356341,0.11986573718864067
1.3597469082498284,1.6403057196485638,0.923495455922666,APD,-0.254583359344244,0.5680004442957984,0.41398835796206546
1.9708618353013796,1.0059100689960525,0.8345055580930689,AKAM,0.42559022375984984,-0.09975921636856226,-0.06424868845608306
1.1254299982999936,2.27017704423621,0.9052385656199449,ALK,0.741937438798788,0.9875911551037688,0.3572942412467154
0.6415919345325864,0.9063116933046904,1.1554874596210247,ALB,0.029193750599177913,0.15857312683836147,-0.35969855839045983
1.026594075965386,0.8609228378123561,0.5911268125139059,ARE,-0.41818242220511287,-0.377596053938384,-0.18819227429631188
0.8055535498298889,0.6574229409239767,0.9045238544444059,ALGN,0.26775971308660806,-0.05573023911961831,-0.23271781082673426
0.42088552752703456,0.9525579797363758,1.0955635158174557,ALLE,-0.05181315085225314,0.16641404026187534,0.4082486122937775
1.2564095024492115,1.0378203511501125,1.1946998764868386,LNT,-0.11391597110232977,0.5067831278187359,0.542277534691387
1.1065787777219462,1.1297341282360427,2.143920966376329,ALL,0.0036208160927598573,0.5151057197060913,0.8363908084524623
1.2556427684054638,0.7959496338884213,1.2122451191207142,GOOGL,0.4555329125440765,0.3036481619558748,0.521662569595081
1.2578892321237203,0.805975958971179,1.221269415158359,GOOG,0.4588668756973325,0.3072108866196867,0.5250487590310406
1.0341935392759947,1.5985639540171237,1.8785780070091314,MO,0.15513860103476507,0.8900431601827397,0.9332061163847729
1.8151005671798044,1.5228546485370114,1.376510761928239,AMZN,0.9566223059443392,0.7121391436600882,0.6420374547054527
1.0126995828827594,0.8772273239543539,0.9366967006101419,AMCR,-0.19362690196664673,-0.08791368002502718,0.22300734052960733
0.8067370576796222,0.8780026345595139,0.9614626113916442,AMD,-0.48434488654888425,-0.33703136986749993,0.04779967697337116
0.8991221644843327,1.4792170895270436,1.1075081885144633,AEE,-0.02540822065778002,0.7464859882150178,0.4931715218762938
2.000653539615733,2.0700750380897244,0.7585979178385255,AAL,1.132857870723162,0.9522129241892536,0.10184511840053469
1.201063217883826,0.6180243157236283,1.3507383578110763,AEP,-0.24424691226457515,0.04725191748170252,0.4547518574704117
1.388772459338343,1.9055311303263682,2.3309986774445326,AXP,0.36154025370497683,0.8963664875358904,1.068041063527447
0.6514710091715189,0.65353181023237,1.3711525219267666,AIG,-0.3132670761140031,-0.01646781608528809,0.372154513535399
1.1766687415995858,1.1309069301055577,0.8213916579679467,AMT,-0.09206164818398274,-0.2436405108905575,0.09999101162207767
1.1207991661326209,0.843404905832612,0.7564032524008153,AWK,-0.441720205048195,-0.19901988074437182,0.05139500023082082
0.723690714840015,2.7066609876417758,1.9711076269704135,AMP,-0.05888841424820023,0.9941568037831583,1.030277706453417
0.7271575672645181,1.8458918036092482,1.0910158850963618,AME,-0.024871185228840433,0.6484487370892684,0.5385502131520166
1.0722420215566413,1.2095126095840667,1.2766232262885713,AMGN,-0.5418581118846404,-0.516799328148185,0.21706839665241268
0.9012048627037961,1.2442925334975128,2.079968721296651,APH,0.24736227559461643,0.4795509809292432,0.8784166338064012
0.7711804529318621,0.6543216903318595,1.071831202713513,ADI,-0.03895323255951238,-0.10280888905424503,0.3270394176778347
0.8817114070043734,0.8444243828862457,0.5074222228858983,ANSS,-0.00042864790937399325,0.2780730393081481,0.13135812054010385
1.2026501852542097,1.4108243867750332,0.957195490364963,AON,-0.4558702886001251,0.5503666089474198,0.4646858515175957
0.4311716201159146,1.1715267923491743,1.0197894329441004,APA,-0.18604227648901547,-0.4903336477420564,-0.41462379448471737
2.084197428228974,0.8075167055780026,1.294982490740621,AAPL,0.9191809176005593,0.5507519077112049,0.7148451576929685
1.0169763684271547,0.8217484832217106,1.1550487280055894,AMAT,-0.3196480737154293,-0.38380719935597685,0.1356115438038964
0.8603107405100778,1.3373615213206316,0.9989267619498339,APTV,0.09988221063823322,-0.5275711512605243,-0.4752395901549016
1.0300367137237962,1.2070764244183536,1.5100380042794639,ACGL,-0.33904127303418125,-0.15842452095723297,0.5893170349011361
1.2829882828024752,1.1719662039955698,2.1354265945470874,ANET,0.3818882551140326,0.4728749943376833,1.0192528733364752
1.3793375144203568,0.7680292479267109,1.5142828484319033,AJG,-0.3219894982115095,0.285371241816384,0.7607663911374808
1.2790886951330211,1.961530811928334,1.7401899935099134,AIZ,0.16531612397783552,0.9284640051482907,0.7587155912856469
1.124287509024821,1.861353145195979,1.957120659250972,T,0.4160055471770179,0.929588549448267,0.8945780887625523
1.5091232310085987,1.5970015523707501,1.4071872470740918,ATO,-0.43163427683875605,0.6367251925919908,0.7438688522832143
1.2503857605562412,1.5977064511906256,0.9842082640642308,ADSK,0.10412054340392808,0.6032011262462735,0.4446639929143628
1.146551095759576,0.6139516345625191,1.176027601065937,AZO,0.6058447968331622,0.3518967463216475,0.5235186821541498
0.8800530624966353,0.8944648874850435,1.359068635488195,AVB,-0.2363130930240667,0.32492487561689787,0.5915915197566584
0.9169893732719077,0.8622547571757077,1.1324082398879964,AVY,-0.05006203415152511,-0.3009879937564163,0.14936347020439622
1.4325078611937228,3.6167722969798795,2.6571667095333593,AXON,0.7004889583688558,1.76403380346569,1.542338298667193
0.9673224077351477,1.7033353698751799,0.9844257285021862,BKR,-0.21226852907177626,0.6557154301036275,0.5241109636803355
1.3506947707419548,0.9836675710379605,0.8533529018511695,BALL,-0.6694309254163796,-0.4063254786415406,-0.022303087343029597
0.7654131736720995,1.856971562362443,1.5992813507864778,BAC,0.13254059175513178,0.7798354346120827,0.6359349233317474
2.2023864681886303,0.909811445171773,0.8372978263396992,BBWI,0.8554166367946016,0.22577037331883876,-0.1139314560405856
0.8999926280977972,1.1810006971758888,0.6625866770452925,BAX,-0.5520224765015367,-0.4796016173772355,-0.376638474504298
0.7625560458331444,0.7854613835468591,0.7298571826861869,BDX,-0.27832213683070556,-0.33882717755062985,-0.17786509027238645
1.4659626215050785,0.9744799539913844,1.770445237379543,WRB,0.09541415309427166,0.4887153484490181,0.6777555764819494
0.7209668069123206,1.0829741063269234,0.9135897638271473,BBY,-0.2343740632758641,-0.10136385347809188,0.24863493853066404
1.1617313442150188,0.5771209716781325,0.6205630429601321,BIO,-0.030491759570138333,0.08470688142254673,-0.11386958344467797
1.4023637902320123,0.5837847988403175,0.5768012306008633,TECH,0.32206186717572594,0.05819513633350165,0.010370562633012831
0.8565193480450802,1.7283383311330758,1.2961553531293353,BIIB,-0.4511114963116102,-0.891326779125527,-0.6005079228245374
0.6323521317295195,2.0007971450019535,1.5984527473948749,BLK,0.3694072334922705,0.8933803548931325,0.7969535280594975
1.2509893123860971,2.3871904494793403,2.5427789196837236,BK,0.33385388464630933,1.1161172266812496,1.2270614725829756
1.3885520003098126,0.8508021229202668,1.0396962688177618,BA,0.436485114909064,-0.14456502312171962,-0.29474263242081267
1.1978522220928416,2.9863203288854105,1.852960935756179,BKNG,0.5003693701109613,1.2326674025863567,1.0553388796972196
0.5676515364688158,0.5926779464367751,0.7826847684400288,BWA,0.05166346062703129,0.0624419918276971,-0.06434536567309516
0.7433892672854199,1.3097708458519914,1.0949152166508496,BXP,0.012147347996302245,0.3164343290343846,0.38862637185564713
0.7087450211385433,1.5731289131217803,2.643795978723904,BSX,0.13086842073430255,0.6957682554959894,1.2778468612001124
0.6216239867222622,1.4903011675886453,1.1613143214708126,BMY,0.18973558934851406,0.7355698357312271,0.16446210944007753
0.9740468726807595,0.8986213771287527,1.8153585262876137,AVGO,0.23751875089558078,0.16208158787506718,0.7960651869825166
1.0834904746474026,1.3117285711287896,1.4984251232429084,BR,0.46364241219386076,0.7247250253254083,0.722152725721019
1.2663192727191543,1.0007087495098164,2.0925914139080666,BRO,-0.5435664401956385,0.3891540801103438,0.9549160114432398
0.8632084955507034,1.158618080175736,0.7673982393793379,BG,-0.3425832658733283,-0.5072703007737261,-0.19650855245684296
0.8058628831716997,0.8777685419095607,1.1475984411425888,CHRW,0.09061188429872177,0.40946168138376277,0.44893951332873294
0.8176153386998709,0.9629654695729114,0.8392044262958633,CDNS,0.16269914182803827,0.3007616880135045,0.34859114411265096
0.6498904709218544,0.901765087373051,0.6064340845687675,CZR,-0.32953768255033294,-0.1652108405628764,-0.18979245120995952
0.950611362687522,0.5767619320230228,1.1621851940264294,CPT,0.02770753705124547,0.28556021555361055,0.3807950048079323
1.404125515086208,1.1817843262521603,0.7804413845049928,CPB,-0.5079149578963931,-0.34790712469690277,0.06581434370591002
0.812763261039402,2.150308457207231,1.548220938565114,COF,0.1695756364858877,0.8912213509707486,0.7290921377133933
0.6937263455040645,1.2333109241391806,1.2910109528858735,CAH,0.13239000132299433,0.563388696630996,0.6823815020736432
1.847009372629364,0.912593069962309,0.5563847408232927,KMX,0.729473783292431,0.381086728944695,0.08560731774660114
0.9761950699204177,2.4992273409165486,0.9765562633326667,CCL,0.44599800750141294,1.0530306278265305,0.5206986570879193
0.9880337922774675,1.3728741913503604,1.4879421576772003,CARR,-0.39979283637895746,0.1386820280013291,0.6668797322351337
2.4071810573345065,0.6015514296112183,0.8830774711469394,CTLT,0.8654169007154164,0.4342516589814295,0.070771173398957
0.9396033102129964,1.388271345232403,1.713954740478323,CAT,-0.021402058176652916,0.3716878319911721,0.7336540118947548
1.3122935691513964,0.6119317262463456,1.6773164096974642,CBOE,-0.25639038838891975,0.16524632929532485,0.732364678796085
1.0808972496334175,1.689835071759076,1.8268950918980789,CBRE,0.17764915612786045,0.875213530884511,0.9063045404736897
0.8812609237979607,1.665200780233092,1.072459668696266,CDW,-0.2968062160019829,-0.7523969218571966,-0.2124597102723832
0.5719081447692592,2.9578086716396568,1.292510588165599,CE,-0.9246605581791012,-1.4661878665596753,-0.5253135952771574
0.652726323633216,1.8307391709491727,0.7434203644900218,CNC,-0.3716632489696314,-0.6618138628352176,-0.31134400496975506
1.3752026895286467,1.6962417131027159,0.705215584490992,CNP,0.15371674974705335,0.5466332216980009,0.31241465898279736
1.1195558795360838,1.0423496366325817,0.6430289754815391,CF,0.1460278590141555,0.4057802047947758,0.22113167639965456
1.0365399859230289,0.6986266345660193,0.6637606033007544,CRL,0.020522522711847943,-0.10981110106542885,-0.17601626336559878
0.7901906992859032,2.0392910026571927,0.9898985369092356,SCHW,0.4797559996164308,0.8308998926763218,0.33398748900706265
0.7673571873422621,1.1133746012332075,0.8611161547097617,CHTR,-0.030198426335824133,0.49833904107320426,-0.015183672121396695
0.9279536225726964,1.1519011315714167,0.538541651533504,CVX,-0.08957462635174301,0.31615114209719214,0.14875782039638313
1.5709898037372978,1.0681953962042279,1.6440830626185026,CMG,0.7168648604332655,0.4482057361146967,0.6211797659055411
0.8300070935954723,0.7802367887773758,1.8385191296233876,CB,-0.38370177719070614,0.06350704214055941,0.6518502729097926
0.938591220444829,0.9452322510630493,0.7575524351748825,CHD,-0.1523100124757962,0.2844071192479571,0.32734602728052364
0.9597227836480723,0.9219977668154941,1.0824132412392249,CI,-0.3422731216746051,-0.2530459513365319,0.1696495941860021
1.3133099005505984,1.7083927519618827,1.6215744575069655,CINF,0.035420313552343013,0.8537731788672058,0.7664731479810464
1.2270825462477915,1.4939966149898798,2.722291806151959,CTAS,-0.3427650273789376,0.6207756973261225,1.2915880780226363
1.1412005874776552,2.3591070919593986,0.8798399316461077,CSCO,0.3175549352003314,0.9235619979382373,0.48518233818536477
1.048215349618315,1.5629903248623584,1.7213311330132626,C,0.6039079373725995,0.7266554051110212,0.6542744916606759
0.6502317470484196,1.2415198548807855,1.5146392020879227,CFG,0.05452670011594325,0.6419977834839086,0.577255440352724
0.47921731104060483,1.42575947002774,0.9351350593521439,CLX,0.15246620673250694,0.5528045684741484,0.3531660070979622
1.5475848698831356,1.4145537334070184,1.1490722795946282,CME,0.5236932664475036,0.674709016035093,0.5695170703908273
0.967504058287726,0.7544516167902902,1.2639574043528918,CMS,-0.26895473581129975,0.18969349151767306,0.4994342745851115
0.8795868406849277,1.674044371617459,1.2539202372315288,KO,-0.23978441092894348,-0.40863299438564077,0.3313621261849846
1.2791620517322329,0.715144332535844,0.8787427149768438,CTSH,0.2583173361579922,0.4083172672474668,0.33590804953680353
1.0644167230360613,1.4718331997950975,1.8848499716271,CL,-0.14911271215532518,-0.2649831891624057,0.5346151339079243
1.231344001187429,0.8669689745128465,0.5216508234696602,CMCSA,-0.5993349567363888,0.11076337540904863,0.043363436003273574
0.9016845491170784,1.588983660597181,1.0765665687678316,CMA,-0.08620992305268732,0.642797044868085,0.3860942772850531
0.6812499476726644,1.2894846358821324,0.7269924453550861,CAG,-0.02572596193632921,-0.35404578748993654,-0.10695745580382769
1.6205228099369329,0.6465830694660042,0.5802271434854104,COP,-0.5658355249093356,-0.19790748496797378,-0.028980658523751465
1.3223401599268594,0.8109611929727618,0.8710938215923394,ED,-0.5495912008358308,-0.15668151489757143,0.32212636004748385
0.5333391373486109,0.5801270155884979,0.5232439356514821,STZ,0.18358133545978744,-0.10503775211489136,0.008047761528702605
1.2088779361108515,1.66161831744051,2.052497800312604,CEG,-0.13766693111706782,0.20872993081135938,0.8122162855780115
0.8877732267076338,1.2488274755364845,0.8118414442815388,COO,-0.2976241801847215,-0.06918513309312582,0.24590860208880438
2.626683439587389,1.7217033748381187,1.2046356515314969,CPRT,0.6234648487210087,0.7696248252558604,0.6539622427709662
1.1031016103879197,1.789612442826216,1.7766714662019434,GLW,0.23762869996853234,0.7162577327834587,0.8408625446805014
1.73693170355364,0.9937305826394444,0.7934377592454408,CTVA,-0.07049294908594962,0.2684911055165618,0.25432860120824236
1.363010412681786,0.49985345093541933,0.6171618949718873,CSGP,0.018851958327238818,0.010099965994006095,-0.07597646792989705
1.7898550995731188,1.3103009762579985,2.6473781262913865,COST,0.7608959895284424,0.7758250826881594,1.2206677270000659
1.4390948080068866,0.9564252665947276,0.48622134364069153,CTRA,-0.3028336903011279,0.13609172597134098,0.016863237405567142
0.8774178449511938,1.0048395563978738,0.6270660371776222,CCI,-0.5014209981968831,-0.2757073533536805,-0.10356967893100805
1.1994083814516512,0.6080529818409975,0.7157645570982742,CSX,-0.3496258162127666,0.09982650837557656,0.1537813545693172
1.274112977673032,2.0888764340754014,1.832914211570638,CMI,0.6170519473697486,1.0389320238346271,0.9411756102700785
1.2137552860399492,0.7296755519363679,0.7551986610664909,CVS,-0.25102811752343995,-0.1853550849625952,-0.3444829939095974
0.8589328754870328,1.1271821528044077,1.4456105440680436,DHI,-0.42347348025323295,-0.28779795682811876,0.48141367044087985
0.8447948079441099,1.4422924359574165,0.8662586383502009,DHR,-0.3083682911770685,-0.49977947090766983,0.051253647569250126
1.1193787920271068,1.3036260662668173,0.6720185156164382,DRI,0.05729466064471545,0.4122961184713729,0.335937945099547
1.03185772179493,0.9610737075317403,1.6221648401875086,DVA,-0.1760235517152494,0.20938897152851438,0.612911615596395
3.0268625797777675,1.5816887112073708,0.6824951593229043,DE,0.43916249754884085,0.6235758142845079,0.31004360349502524
0.43680496560679866,2.6974863628302868,1.242111194999517,DAL,0.11916710167832413,0.9489163726897849,0.6314662789235471
0.9741677909458762,1.7684784826074664,1.259769727142342,XRAY,-0.12816494177994775,-0.7693926975077185,-0.6163485004415762
1.4213441619145486,1.1823946439096584,0.64637806942885,DVN,-0.7684151233230389,-0.627426300439139,-0.31883387059792556
1.0213254104723946,0.5033009391534786,1.3105275365149565,DXCM,0.36871751404460784,-0.14240593994957623,-0.41944782267136077
1.222325788439477,0.9164134855427638,1.3633623185248083,FANG,-0.6222692896165951,-0.3555191389537109,0.21818531076027659
1.488682948140526,1.9169911912553554,1.4951506713333897,DLR,0.18554860852374813,0.8199411447506494,0.7540769000991318
0.7940139676684069,2.1078059615823705,1.6702968039124222,DFS,0.21761873113771107,0.9277216886551114,0.8060860732017842
2.1313120468707023,2.304545267237223,0.8957265239950147,DIS,0.5884362491578076,0.9233524108007221,0.14737975399609224
0.9682630883103193,2.103515650592544,1.5339100181800494,DG,0.364082189581798,-0.5703753096639284,-0.803557674105256
1.3121603491123457,1.8316029436979904,1.5687187006680734,DLTR,0.3856259457473881,-0.4636150627157452,-0.7153527575187169
0.927827503669541,0.6683902642118734,1.0471629756863245,D,-0.38587506782207726,0.12987504182128312,0.2412528500433311
1.3547250623783147,0.8034751452256107,1.2561857645984433,DPZ,0.17605084518172112,0.1879480660459919,0.18881999834802693
0.7706406122323182,1.343044655909859,1.6373893573835527,DOV,0.07362590649299501,0.5340619898517986,0.680838876037564
0.850818045626838,1.6497814089488743,0.7262671894131412,DOW,-0.6277652842116807,-0.7999651707606212,-0.2456897691991455
1.1412350503533233,0.6603535122400829,1.137636113951126,DTE,-0.14532604003085786,0.10110095556462662,0.3993248416177112
1.2543179755941556,0.6378924098648029,1.5279101868136111,DUK,-0.30088454219277594,0.1532252646189337,0.6021544913159789
0.6140652658720899,0.8943189593612404,0.9253580213859682,DD,-0.07343123046383276,0.07430623541818321,0.3357814596206712
1.2658988970764384,0.5724611198834458,0.6737489813909759,DXC,0.12824294776499548,0.24378017694103343,-0.0900483141977534
0.9353325965341512,1.036920957602152,1.1691822962775307,EMN,-0.3824068091389995,-0.027426544166150365,0.33297944717743266
0.8887206624687003,1.7586308325667899,2.192673784127255,ETN,-0.012273760193582475,0.5653350413874788,0.985691259341104
0.9230067389615456,1.142921670484103,1.3533960976604973,EBAY,0.19526960843379587,0.34245200329691433,0.5397299485535404
0.6175639846583924,0.7791591434126756,1.814779055042833,ECL,0.03421078012595125,0.0962418584189695,0.6603463288570681
1.3634533961792334,0.5990930577422043,1.369397601230528,EIX,-0.291511255892147,0.2422608203594332,0.6123141079828586
1.0957676312644182,0.6047426478973517,0.8674511530851208,EW,0.3176063670426156,-0.015236374746682824,-0.20986113532465522
0.6919521126146078,1.570005089142236,1.0719954817803503,EA,0.3752063279313168,0.8316432677210058,0.539002536131426
0.6801137438440351,2.5499901988676705,1.0274698971379004,ELV,-0.411852507598314,-0.939205498473112,-0.3051593709111744
1.4628037383056423,1.1708368570751677,1.9671657212728595,LLY,0.11593699111096135,-0.2657280485458947,0.6268740136203804
0.9262539461353031,2.2246190181285668,1.364417367170929,EMR,0.3245370792765102,0.9191364912328621,0.623390683862867
1.3296222648982265,1.6362205941145405,0.6817120796007688,ENPH,0.1351647359309625,-0.5677383643571544,-0.3639968709906459
0.9275114901548962,2.4593822354793016,2.029586887069458,ETR,0.06739682307731364,1.1151035633774755,1.0241804878781837
1.085880857461229,0.8336277072009806,0.5467175393711797,EOG,-0.3384976501472584,0.12271567355410981,0.19271705014460538
0.8980595244553597,1.3542546400387019,0.6724159420393861,EPAM,0.5096670273225818,0.5890620610114533,-0.16703448374420915
0.9988365757826542,1.8410784725739269,0.5505866751536068,EQT,0.024771139535665,0.6469266746679192,0.20411085994248723
1.2089316701317694,1.1855221265565592,1.1738473829972382,EFX,0.06141186838186416,-0.18935342458521984,0.28177775316834636
1.7784618526937683,1.4007823571094042,0.9893088449200738,EQIX,0.45662482696327245,0.7144986670353722,0.5468848248925334
1.1016793001975902,0.7692313064231198,1.1204260987308714,EQR,-0.22691345991408624,0.2017831296346438,0.41685200581926046
0.794849144878607,0.8062239737598899,1.3927796010664943,ESS,-0.13626577792131964,0.29074470004936664,0.5552639243509845
2.2408903555109676,1.2959669629588055,1.2924725894337892,EL,0.7230309533646019,-0.43238909699395905,-0.7207195297389989
1.4231729394583934,0.5461769108617678,0.6011899448905298,ETSY,0.5643638360405052,0.03747692076368457,-0.3200857160302565
1.1387610024673125,0.7251920902624159,0.5469890128273793,EG,-0.33586106623981143,-0.11368930577895059,0.10781275903780617
0.9720944593374541,1.100365840607216,1.1053638457643578,EVRG,-0.09287828688216525,0.5928805456210614,0.44346251193514163
1.1129956844309186,0.8110201786465434,0.7651171747417523,ES,-0.4355357052813589,-0.19087686964293304,-0.0128527113344515
1.1304328746986105,0.7965295404346644,0.5809789006362418,EXC,-0.48677599692734064,5.633051525806063e-05,0.12168225272104224
0.9002350397615111,2.3994205456825526,1.1238399675479804,EXPE,0.578875335852754,1.057884788022011,0.5187530976577552
0.5869764262895008,0.44374270017068684,0.5382203965040032,EXPD,0.07154649049426173,-0.01599758592476673,0.13031784384124334
0.9396660540879953,0.719185779555298,1.0890499577894297,EXR,-0.3087793293317695,-0.038771741613184765,0.2724128179238602
1.4259673764602911,0.711567612042013,0.815119438249516,XOM,-0.6447023933251209,-0.04476866945455102,0.3073996280027425
1.4807487399557597,2.2572452943782713,1.5194338545659496,FFIV,0.7468278185646544,1.173535171392909,0.7879615515540558
0.6716305635089377,1.6280585299832313,0.7542013909384928,FDS,0.022667538689249773,0.5256046787428337,0.291536911602961
0.9342425031623998,2.172129950900299,2.9022633134186853,FICO,-0.11482880915164678,0.9748188727620372,1.5553483689301095
0.9004634311617107,2.067560040081174,1.530670897387202,FAST,-0.22939096435428752,0.7151601071453739,0.7275054799465306
0.7710629175991666,0.4439412853546072,1.0710178950472042,FRT,-0.10664498405502026,0.23659541218344246,0.3936040999229972
1.4366921172493523,0.9244865809805364,0.8059550316727878,FDX,-0.36822460790886086,0.15786038778826475,0.300382784679192
0.6903372342713735,1.3984472197728783,1.8485739808337716,FITB,-0.004035236212612909,0.6570004264612909,0.7112173572876693
0.813115023778251,0.8320603052365689,0.8513221139296249,FSLR,0.11459490873055761,-0.1882521754349044,0.17699242171015547
1.0374437592985735,0.7839645492862108,1.1338655910934419,FE,-0.4710905358055353,-0.07082894046313931,0.37559074835284656
0.8859688306301925,1.3614151994858437,1.4075695991961528,FIS,-0.2404951538187264,0.2848344474058671,0.394206433512832
1.6057453681990856,2.617793054973946,2.166132865052572,FI,-0.5413383176040945,0.9486527139432346,1.1149617921373634
0.951089041213799,0.6284117587918554,1.3363077666640575,FMC,-0.18675689274252485,-0.1770611832842955,-0.3396921203885359
0.9271896514444352,0.5598076297228107,0.5779048328331027,F,-0.3040690472745134,-0.0976083736949579,-0.08479596312181631
0.9832416685635776,2.1805903584086765,1.1763387658448936,FTNT,0.5445388395117862,1.0622085692833314,0.6388516803587837
1.518343102946515,1.112375811788243,0.7238863598696466,FTV,0.33954147307948707,0.2557020682170341,0.1484117568526722
0.6592419968627269,1.8382273838344996,1.5923696196488233,FOXA,0.24770494402106258,1.0252993886170332,0.7967608244244502
0.7234904337494471,2.0718253226159478,1.6851540328039472,FOX,0.3543268690635451,1.175249943520398,0.8588524028319032
0.8344793915213489,0.808830953370376,0.7652774878349315,BEN,0.21695363269696794,0.15600617807788172,-0.1597589242132726
0.43860047924051915,0.9829689257519342,0.7839548504902452,FCX,-0.27547019082153057,-0.23428520595067032,0.11046665544636211
0.9823384792502706,2.4050514039734776,2.6202780862320316,GRMN,0.747827496450288,1.1931861166819109,1.2840156354308299
1.2286497484261452,0.9369084149471995,1.5661744056395606,IT,-0.21962641968695987,0.2659327980144686,0.6538523768618766
0.5676995907423319,0.889161212207794,0.8459940561860986,GEHC,-0.2852177515236835,-0.19599978125793563,0.13876921561228078
1.0808539155450982,1.5477820046569823,1.5199472965707368,GEN,0.20899969643580346,0.7368297242336226,0.645046059194548
1.074390014983511,1.4134212330247014,0.7326983087857409,GNRC,-0.35144817775247017,0.4449991939285583,0.18274934364941972
2.279018312461947,0.9796937360512863,1.7823147959273746,GD,-0.8037121937109075,-0.4056532891675946,0.39905095987120026
0.9133872916557916,1.0099956166302733,2.8350530936875233,GE,-0.41612042932494214,0.07328211750499813,1.1118447036927102
1.0959436512674916,1.2171300071495006,0.8229027921596744,GIS,0.011473242067630698,-0.2700333049935947,-0.011286871791271542
1.246999724055464,1.4640603526270062,1.1704919246508902,GM,-0.29258420801357327,0.4522987785710328,0.4480680719752148
0.8134205588228823,1.298366046329902,0.7671004893143929,GPC,0.11720868751543928,-0.32062022044365646,-0.25035249832298906
0.9884449876877321,1.7127049475289247,1.1156373739047403,GILD,0.11913099319052521,0.6874114202067988,0.6013847520920939
0.807740190137831,0.8470108747950149,1.0550021647618857,GL,-0.36741042342969127,0.18382905367922242,0.005853984221024741
0.5561284063057903,1.1543337405172134,0.7419757947531666,GPN,0.21663838917503989,0.4032405286993848,-0.046715582625552254
0.6986524376785653,1.972763500082135,2.128664921372092,GS,0.21245860318274798,0.9455326881228808,1.01584722539831
1.188728440426881,0.7129279419095929,0.7775924329528205,HAL,-0.3326373465511875,-0.15539808422541368,-0.20656644228437424
1.2032940348769525,0.9555426094640762,2.3194496046841064,HIG,-0.28379598218417457,0.31687732803882435,0.9079785933923843
1.313470346142706,0.9906908779482684,0.9934315662758839,HAS,0.2172626637928557,0.028094660125325816,0.20802124840547181
1.19827675803703,1.6855070321945382,1.4176462743562295,HCA,-0.6479508387392712,-0.5581369256881328,0.35009028994859515
1.6585703833767118,0.5909190452312457,0.5620522554350311,HSIC,0.14266628629102712,0.22326065357061162,0.015548420339112317
0.9915506505140971,0.9610710430736105,1.122304687761467,HSY,0.37147293522630015,-0.17171362116260136,-0.1966329250321686
0.7759948330623481,0.8390478963412094,0.512108514403219,HES,-0.11702520043330612,0.11249885100945403,0.06798038215098545
0.9272815342685433,1.1825977215024257,0.9190061114421496,HPE,0.34900661187407683,0.43346478089081525,0.44214039816200995
0.618287331311454,1.92132269761912,2.0428056905577616,HLT,0.29871555835083885,0.8035157414576701,0.9383956365346622
0.8349913927088001,0.6525639859357614,0.6615995889554099,HOLX,-0.40302077160101535,-0.17496515936340193,0.12371333607390435
1.4838021110455182,1.582625271868306,1.3140268604813343,HD,0.40234819739632044,0.6551772752180599,0.6170813033650135
0.5468259060568678,1.426833906744571,0.8088818110801763,HON,0.14421181374155354,0.5764100386191925,0.3831403377972078
1.9833498364748232,0.6474345024667604,0.8759424948529446,HRL,0.7772395984539304,0.18553265447958117,-0.1995591285235646
1.357424734315843,0.9187203296372255,0.7992637433127364,HST,0.5354265228916906,0.28482542446235587,0.1603825003777244
0.9501418872742695,1.889682708074578,3.1319321237265565,HWM,0.14332448129915684,1.0141884928668379,1.5587167052500754
1.0761370172888092,0.6547093715739617,0.9962344790257437,HPQ,-0.2619507124052018,0.07381431626308509,0.32933309269279754
0.8842339953771275,1.5209989002096747,1.4517391707149703,HUM,-0.004406561420228344,-0.2808037575288296,-0.5428478490082498
0.692635795681518,1.9902692332081997,1.468719926299668,HBAN,0.012413586990060285,0.8586850194600634,0.6231753156242492
0.7347347465762825,2.4912976950913306,1.2766827754989636,HII,-0.4536595670797848,-0.9694504717471634,-0.292858323114862
2.2854945966222937,1.6197044992219551,2.035637258506386,IBM,0.6667558476107697,0.7014802202474238,0.9986739039210517
0.7166214889167892,1.4511908822942308,0.6860759051908611,IEX,0.12248971890159653,0.4915479305976536,0.15212239472178926
0.8205933875032672,1.143509840346391,0.7048446837324679,IDXX,0.2982007549432366,-0.35401832348406453,-0.16509053777702098
0.8573363776551662,1.4267747780283437,0.8629330629334879,ITW,0.17042494684576154,0.5589360688541889,0.40231102216504205
1.0272888811580667,0.8811879847261727,0.768684617123978,ILMN,0.17623791836655733,0.2952193350356807,-0.12401682816640902
1.2364722702457926,1.2737976967926703,0.7326525645689929,INCY,-0.09884944920968546,0.40484327512045615,0.2240146453820888
0.5859171738403414,1.2392467425293352,1.8178660041728505,IR,-0.03606336384147214,0.3707900849074017,0.7249617636685278
0.5952737295808467,1.785680706820538,1.147567031488857,PODD,0.3513940735423701,0.7399428314050357,0.2531022883226788
1.6479386498492286,0.7109902175679959,1.343759264317364,INTC,-0.7814474951954521,-0.3254582440318315,-0.5051430565405982
0.770068276079581,0.8267939341538239,1.8985113598943997,ICE,-0.13920100937978275,0.19281009620785533,0.8005986351725647
0.7554502328979439,1.2890846491353911,1.0522300998279381,IFF,-0.3883034642755304,-0.42080436069073385,0.08735979918590427
1.0502200632383207,1.8484293527936377,1.7563961193453488,IP,-0.21567423361462093,0.7740212174164417,0.8011217300822526
1.3251284741019735,0.6893169407548824,0.5988409880193502,IPG,0.19322002569016938,-0.045774040944655696,-0.007697991481198454
1.5456441193355188,0.6586275413014425,1.0783452996666114,INTU,-0.0481637259173248,0.1215521725077227,0.3066764143004296
0.5978423333719912,1.3884926303006757,2.030083353667446,ISRG,0.17862248284290297,0.726322069696652,1.0107693567129108
0.7371531549375065,0.915656603003826,0.7094506313520762,IVZ,0.2555023826937908,0.35112192338872955,0.24779176838142325
0.5216092636034729,0.8940880926271365,0.5912835158466279,INVH,-0.11489687722611927,-0.16634681452676306,0.04568416060811646
0.9451589238687914,1.3601536637649165,0.69386434450288,IQV,-0.06393379910696394,-0.45013509417576475,-0.10377320321020578
1.233853361549927,1.0191323537921986,2.9518502440298273,IRM,-0.40410393795389926,0.3139676838240456,1.3514259942091278
0.8330230943161728,0.7904788264254742,0.6867946286358998,JBHT,-0.1329657440107953,0.2365736866286252,0.04128149948791607
0.648699027750493,1.000326065287068,0.6978739159078527,JKHY,0.029354304863012333,0.08610314850991697,0.1902556313089062
1.3714516238345549,1.606431939181425,1.2031237274448063,J,-0.2620735560821754,0.3612400894523065,0.5298310451345815
0.9332429906780816,0.921362995228222,0.6052342048807949,JNJ,-0.5265978782504843,-0.29106208710277837,0.0237671488629722
0.5332862110220593,1.7740082521097476,1.42734804548366,JCI,0.1422515065896743,0.7142876304135963,0.6368019206781418
0.7101419907183276,1.8048782040477733,2.1518626356426127,JPM,0.15305929878493074,0.8282223276156366,1.006660393875063
1.9882220045659884,1.1629368773015005,1.6277633456241047,JNPR,0.1279191224441554,-0.2150184247828718,0.447079886323835
0.7740417343287783,2.5707480233620092,2.471689913977782,K,0.1984099919805846,1.0470898904598682,1.1198285285098033
1.0868885851129322,1.4657426757189862,0.8062464062730622,KDP,0.15924277630248904,-0.2998887841709191,0.09928007160911703
0.6802003830773766,1.466077945642504,1.3714049834597828,KEY,-0.08283790878524776,0.5909333463244552,0.4491410108271491
2.1027682004217043,1.4755858980786587,0.7192489383906088,KEYS,0.41402721566167683,0.47952718831019187,0.17225355262870096
1.1723940039659135,0.8506336903728513,0.9046336390729394,KMB,-0.20026082624369607,-0.14003876542676005,0.2607719309052208
0.8165508897654163,1.3662630482926694,1.2689664475538605,KIM,0.12755833890857704,0.7282150260939917,0.6062537920473531
1.0135776209673397,3.0228241474423663,2.2231446902378615,KMI,0.04188210005342361,1.294362639444621,1.2085813979273043
0.8083038626106256,1.2165386981479698,1.4688074205718606,KLAC,-0.057868221128930045,-0.3834221014418626,0.2809876135427692
0.8171350338262883,1.0902274851662253,0.6046360988957494,KHC,-0.15516125390803492,-0.39864235308486434,-0.12704837932467491
0.8520441768726725,1.2589784462373699,1.281071542593341,KR,0.15032527733709336,0.5776338150334395,0.5937131364634968
1.6290830674151355,1.0817919757374148,1.314165602615633,LHX,-0.6956315883969338,0.07073806745687114,0.4025772133353384
0.7146688862132593,0.7848440972371376,0.7620098743701964,LH,-0.08012952633119923,0.3423426777098856,0.3068979897159393
1.0215610128293833,0.6155225674200006,1.1943322701104364,LRCX,0.1464263415818784,-0.22039032290304755,0.1343298198121381
0.8134469717771396,1.6166230711959868,1.4578247885867643,LW,-0.03819092664304298,0.18409575022528768,-0.3020770039845379
1.8570174189772968,2.170399696280402,0.7998311690379752,LVS,0.6349404210215019,0.6002596589549726,0.16872407871328407
2.496421457627541,1.5826242220478703,2.3178441758863846,LDOS,-0.491471247220343,0.16605011354127466,0.8590739535808435
0.9158188466165444,0.7511950978114412,1.4792265291287474,LEN,-0.4051247907617332,-0.17283217169855564,0.4979514763515188
0.8459483370125142,1.0288008031729023,0.8141222777817669,LNC,-0.3121203724344205,0.29257044818145517,0.15433596833386015
0.8378613340514647,0.8147380218359591,1.2693697453314579,LIN,-0.3859576938377705,-0.13162023267963985,0.47933435570757643
1.4492949700307567,2.9498481601773956,1.1987808314421733,LYV,0.2710042344096409,1.2496543659006727,0.667461362132825
0.8431018857070904,0.6261044009899053,1.054963672839899,LKQ,0.1421282105688355,-0.17098925702256215,-0.36101911531226033
1.466892227831015,1.353262546068383,1.4090875769370554,LMT,-0.6053069733243219,-0.24062522727296504,0.513141305359529
1.0584346834453524,1.0354602446437564,1.556652847123817,L,0.13673225864653651,0.5059270711971035,0.6425866790820722
0.7863695892672677,1.1651197789161236,1.1133959493513492,LOW,0.09389711016994558,0.3844351625716993,0.5222218573094144
1.1815280248276343,1.6328941993576809,0.6981351974651628,LYB,-0.7148476827019945,-0.7687370875183451,-0.1650001865065368
0.8962952283286756,2.2299051722101515,1.620243489191386,MTB,-0.11939328566936265,0.9365523584098148,0.768939721769563
1.7212586564015726,0.5899021980051137,0.6245698908674218,MRO,0.4079232021965865,0.15976351885489826,0.20634823605948835
0.7935239279721374,0.9788083282704301,1.2841143487275493,MPC,-0.24477684319340545,-0.29431151191910254,0.14267253327676846
1.4441150826216378,1.270553556706784,0.6741405302162182,MKTX,-0.8511927103493716,-0.05682409080579949,-0.002664386334643524
0.8636001580739503,2.3399346368056473,1.4062894863556592,MAR,0.4178184958124343,0.8646269593462688,0.7150674490497178
1.4472616719728646,0.53628101677149,1.2222803095102526,MMC,-0.4523246435545179,0.08056492771908742,0.5652230013188797
0.8554119827734575,0.968373260084783,1.3025649174375342,MLM,-0.3413552212906256,0.1699447467011774,0.43396433382395383
1.0107949848604707,0.8167575134510554,1.4841655821517323,MAS,0.04288398697051827,0.1464862160176058,0.539503072216782
0.6977872981287675,1.4781114853290562,1.3672468389435282,MA,0.16453970275635058,0.6384409480364576,0.6846319603165012
1.068204358221283,1.0021031413456614,0.4464702548882306,MTCH,0.06026507696302531,-0.21669977956297884,-0.24960884218857454
1.2627627173369271,0.7539721865668179,0.9453080936729944,MKC,0.45494131162884843,0.15617174079604074,0.1565662950584663
0.8628737380377591,1.040119677453793,0.8017893634140959,MCD,0.30265287803720264,0.28207366437908316,0.3546788525865922
0.9574881205895805,1.781739456715366,1.5199008401201195,MCK,-0.1091365573844882,0.4850605011885993,0.5964387065295003
1.0080754738192226,0.941116994084429,0.6841600577252264,MDT,-0.4985498086211425,-0.10531456233119439,0.10948601829340363
1.1266915830443422,1.3480508222136411,1.090581860094991,MRK,0.1239125754938767,-0.5670857174267525,-0.12585842759172886
1.6151268269992782,1.1463492036630254,2.0550407943184488,META,0.65081485492465,0.5062209134477649,0.9823373427771454
1.3432525866342286,1.5075237629725922,1.3828075341870034,MET,-0.19997671188494462,0.432408772203056,0.5499676714286057
1.1049629223859647,1.0780995233203081,0.7426978068413653,MTD,0.08329186702686894,-0.33658307448410685,-0.0019458367196456075
0.5231743986013676,0.6130880697679592,0.6311077788054155,MGM,-0.25270922090087045,-0.2032178032061207,-0.12940164292791995
1.226635659730124,1.0989292875787602,0.765469441391678,MCHP,-0.6024463304918586,-0.6418909338380738,-0.25364914826177276
0.6281209826159836,0.696040671886753,1.2455417398689175,MU,-0.09834992843091,-0.1356396762159984,0.18691511249640144
1.4110979108414572,0.6626370130692182,1.241247910982813,MSFT,0.6478494603413077,0.22590438501838578,0.5124432118052136
0.8857887881077209,0.7846021221166035,1.0961679853908692,MAA,-0.020301537363837597,0.36739848418082677,0.3599933328681453
0.8965696869374988,1.6289771914076492,0.8341089743619069,MRNA,-0.09299316399653185,-0.8231798705676934,-0.48578044821517075
0.9754521008967887,1.0363504093981688,1.1447687738742875,MHK,-0.4696717610290501,-0.21042582398153256,0.23101867431019818
0.7605067014728935,0.9728237778948404,0.7915993097222864,MOH,-0.09631086252274611,-0.3213677094359434,-0.12116691455376578
0.612658301860504,1.1688639902229194,0.7389106164406097,TAP,0.28757509995333225,0.4924168750541537,0.1452775666628381
1.1414808709213784,1.5493035437375098,0.6003451820622229,MDLZ,-0.7554776842574215,-0.6257790030314824,-0.1151131925850445
0.5920296641412787,1.9593684264008913,1.2328758444351033,MPWR,-0.3344479532355375,-0.753382071495368,0.11552495924674269
1.0578791025138559,1.0844460950833321,0.6535700476980669,MNST,-0.22970493705333822,0.15900728669360467,0.00978548856537249
1.438668136979691,0.7369205550410184,1.6675362614451061,MCO,0.30913711549584855,0.45552883300247327,0.7741680969365972
0.7935066377528485,2.6726179089852633,1.552227189893111,MS,-0.08379365053708342,1.0093549350398434,0.800678418949345
0.6643632448906804,0.41733594281682784,0.6373122611573738,MOS,-0.08984141702504024,-0.1694429109839672,-0.34159711561947464
0.8479921311020865,1.9622900211258352,2.6548302155481958,MSI,-0.18822186286203976,0.8436648252092385,1.3539713614695843
1.0552330002611736,0.9730355858622401,0.8086739929561033,MSCI,0.5195458831105791,0.5147959768569114,0.3425357081195057
1.0122439571673678,1.7443030621081073,1.7614712566767154,NDAQ,0.18036033146660552,0.9562994681276235,0.8311597369446244
1.1168566591566231,0.6974762603886111,1.8852893867402725,NTAP,0.15170771638627636,0.12411886675703515,0.655393661248212
1.72253426307257,2.3180848349013576,1.9554200794255832,NFLX,0.8358322947033697,1.1885187468900618,1.0372685610754968
2.0535474973630405,1.4192052494620677,0.626586973453139,NWL,1.2001593427520558,0.7961640785736457,0.031544991685413255
0.6826904390252926,1.6373917498308626,0.835782444708686,NEM,-0.40558741127633335,-0.47529191233132445,0.0598825622627731
0.6814318674690537,1.1521418693324563,1.417712996502281,NWSA,0.20569979892634244,0.4695557140980445,0.5479690911141594
0.5778241882616355,1.578753599488769,1.568612642844215,NWS,0.3747140623028364,0.7263501812359041,0.693168479547984
0.8543809837949314,0.8334507607452349,1.1874513786270864,NEE,-0.3417195426970704,-0.12645570101324277,0.2735267813184634
1.0940212008027692,0.8598724593068641,0.9249279958048833,NKE,0.05379563501286883,-0.22625893469465777,-0.40677370094556536
1.3117615739029482,1.8918522596598604,1.893575340515292,NI,0.005890152541485631,0.9698857448971446,0.95787058616742
0.7272466828029513,0.706938155558809,0.7392499687475421,NDSN,-0.13724993906040495,0.10406071516124511,0.16344488653975114
1.1719183534021966,0.8880394957313147,0.9638416813973534,NSC,-0.3073455406688654,0.3310725551005953,0.31328202684432416
0.7295727123344941,2.175730498968799,1.2678675527693495,NTRS,0.25458873160694695,0.9601257200269685,0.5452487241133689
1.4435235434059244,0.931625662569654,0.7218243201901156,NOC,-0.4861961402793749,-0.18746314091333333,0.2095341774756788
0.6770970872025444,2.2142150613854628,0.8069366118865573,NCLH,0.036531219688459626,0.7689465515827579,0.38325816153335557
0.9881763581157502,1.2008318512999208,2.6749700986518956,NRG,0.07070787526326383,0.46647993897100815,1.1402783233993699
1.0029251832543786,0.5448617920987919,0.7531065279112076,NUE,-0.4167587632816886,-0.19090654573456728,-0.11531858126109808
0.8700642089496907,1.2283823888757268,2.465949624356361,NVDA,-0.12648602326240782,0.35455819864514954,1.0865621923609492
0.6270171410499826,0.9109939034557595,1.8257897165234587,NVR,-0.2299068876535572,0.041837292889338004,0.7773218465521458
0.69725458558811,0.6632361649933496,0.9666759568446787,NXPI,-0.2644815230510472,-0.29762106342064293,0.10564519756859665
0.9625760574940878,1.173088656132488,1.3558440269717913,ORLY,0.4336942256448803,0.6549123698687405,0.7890212210052157
1.0124392819346546,1.1288458801400632,0.7328133195807401,OXY,-0.48511459396069967,-0.5281091864140317,-0.30084588620426217
1.4265006097637454,0.8108550992441377,0.6895220290313044,ODFL,-0.47743406918773085,0.20209722889778003,0.23540784454846755
1.6275946139847783,0.873022872147857,1.067296622106578,OMC,-0.6804142428553995,0.025471328786184227,0.3681492251842572
0.8990903183376288,0.5420800705958753,0.9030314113397734,ON,-0.23850371872382756,-0.1542555888750981,-0.0937641630638492
1.3247478956880834,2.25658568723688,2.0169960410339822,OKE,-0.24103282182376123,0.9190741867698301,1.0324499918208379
0.7525055579127312,2.0453320961374604,1.696516600245523,ORCL,-0.015535316776333389,0.6716191436246035,0.9840237403275743
0.808433822570059,1.7483816043389417,0.8542969737395189,OGN,-0.2957992722438266,-0.6113968304685453,-0.1942708476134797
0.6869231443626472,1.253436375849926,1.0645070773060465,OTIS,-0.08950253541956052,0.17700316141939373,0.4292080028908542
1.0067980205864777,1.628773589066522,1.6214975986248699,PCAR,0.2446977766577062,0.5432531745458501,0.6225082720171398
1.0338402653096852,2.1438239476850574,2.180312384840459,PKG,0.0002206935490689383,0.9517872884566849,1.085806831840024
0.653767909796539,1.1203704424897496,1.238613941948239,PANW,0.14967085963805624,0.4777691063798874,0.650290994254732
0.8896796959284387,0.3953438747290262,0.5007386403594231,PARA,0.18153274215663884,0.04734346220936672,-0.277754842614678
0.6392794514299892,1.9961342813755705,2.2731579689247687,PH,-0.05335820069306941,0.8112475086682649,1.1300118992032508
0.9136037981612654,1.4367008479179322,1.0695709462563043,PAYX,-0.1683106363063952,0.5349907729626369,0.5466104003052031
1.109008494450166,2.2975125059471866,1.3000461864904573,PAYC,0.5977018414855665,1.013848604377145,-0.0880875501033141
0.8468759178015491,1.772509569237721,0.627298031528078,PYPL,0.4745594789195292,0.7934328760282585,0.1340219304939788
0.8967044200485905,2.123390218985734,1.9463283988678763,PNR,0.32628882566266815,0.9545592118413646,1.031277737276052
0.8902059010246804,0.9866677970038363,0.5160669967761919,PEP,-0.2242360078835931,-0.3451626540050041,-0.0619590010325954
0.9005681566578675,1.101125089958727,0.8197403693214796,PFE,-0.17596522468535805,-0.408574743133909,-0.31394442907400577
1.1176502377924893,1.2619271310357492,0.9483524177590742,PCG,-0.4293518225641276,0.36058037411105054,0.547427153733805
0.9304176255023547,1.2411772834680248,2.052128422737608,PM,0.004250740241607849,0.6956158448579984,1.0089256490151393
0.8619202963326983,0.6600254894521047,1.2347793376489387,PSX,-0.1883007462402167,-0.14137216868583521,0.16416267797505815
0.7330432733622224,0.8683074408508241,1.2245793264705638,PNW,-0.08139263457592924,0.5033847537804844,0.6148661745208546
0.8825977197670388,1.7232514615030528,1.7442039564272023,PNC,0.012438031448894745,0.8172428331558617,0.7246831340992057
1.0377049310185014,0.5122359793291315,0.5373475994943848,POOL,0.17386206730354248,0.18111230682441615,0.05737181669324846
0.7963000938768381,0.6562908713398756,0.6081155236407495,PPG,0.16319480229607689,-0.09200860924480599,-0.1128345492578813
1.173973617037611,1.1270832870415664,1.4812089371952195,PPL,-0.2612599097062454,0.5382959232362616,0.6516778095936394
0.9737741829640713,1.2043058997616358,0.7657334976969874,PFG,-0.4485287569546154,0.07234568315740164,0.23375108124744118
1.7512256590297322,0.6764022655498987,1.0883550957689692,PG,0.008023371184363914,0.25908908263474173,0.4981684271214398
1.1949865109479716,1.2546133067109937,2.6717539834552664,PGR,-0.40859760276425644,0.3666871570765079,1.1208939127856228
0.6569722126365038,0.9725185267558023,0.7073803790155565,PLD,-0.20069603264166527,-0.2679749388839842,-0.033047524208382986
0.978417429952552,1.1705379462957466,1.4674938447559105,PRU,-0.26309445517776825,0.28847091900288235,0.5122319987615114
1.4782099996690234,1.4413724800227463,1.986361983553212,PEG,-0.3077839352925874,0.479413424584669,0.9024126472202686
1.3217531657297834,1.2647527803191845,1.2684083172180078,PTC,0.366494839423879,0.5234538753996075,0.5492891499986553
1.0019591606234914,0.9651886736324061,1.1616371401607613,PSA,-0.25250523239455414,0.13663558537042014,0.4346031109981993
0.9817800156686928,0.8572248797704928,1.8652135490903452,PHM,-0.33259982517857584,-0.047892027770739865,0.7429645741324467
0.6382297448489929,2.5540347074668768,0.9016931307882834,QRVO,-0.2895256917846492,-1.041751956896738,-0.43423255890404305
1.0468304473854357,1.744709060248313,1.8220756604760842,PWR,-0.18077271317692478,0.581549186731579,0.9350261255151264
0.6537962379325174,0.5044062216900521,1.297542106066827,QCOM,-0.13105716165385206,-0.26835287924089624,0.16493804368009424
0.7470006495107319,0.787751988007128,1.0252925523921577,DGX,-0.13506164863949957,0.39985839043608806,0.45831451649568833
1.9482596036393571,1.921060328532223,1.8824978633582188,RL,0.5742543036202215,0.8003540458441949,0.880124603813304
0.9767872289535151,3.133084636052537,1.5167016728752947,RJF,0.12543350485432528,1.2232326302481304,0.7978655792247091
0.7797271718538421,0.6987737870489754,1.9024712832271324,RTX,-0.299550606059803,0.17863619160045185,0.7085039386976523
0.6867523277034,1.0646822074120477,0.8974429149869667,O,-0.3838281572123226,-0.22452953459282263,0.16355016211586207
0.5648848417998382,0.7837836947883488,1.180058249371558,REG,0.10318608155807679,0.5183722268186233,0.5693791000561301
1.0368027162581166,3.363306076349917,1.3060470781364983,REGN,-0.16571587151863287,-1.138072808141444,-0.08026973826835583
0.9437861584127875,1.6816529668886457,1.286640243649069,RF,-0.08296456744549682,0.7341806853239233,0.5664493524829851
1.0050178313850995,0.9470471241037598,2.1379039250547915,RSG,0.07542421894049516,0.5079717202057457,0.9431173137522735
0.9688248920519333,0.7531444676823554,1.257815394421655,RMD,0.009568156669761067,0.263094052510901,0.3895919422758292
1.0628728341221925,0.6262045942324462,0.671659618715079,RVTY,0.1342748759676068,-0.011786638020775226,0.017750531741718336
0.8828794171778128,1.5594140723498806,0.7607437815059178,RHI,0.25096671619876154,0.5472483878634519,-0.025860151275567688
1.0872832764685205,0.876091570767763,0.6482670903840089,ROK,0.36884220113360167,0.37677956074447155,0.09962834588802504
0.9374421905288082,0.5906772207152846,1.112965694474895,ROL,-0.20738152631296514,0.12009623230607763,0.4514928223002114
0.9024658566359375,0.47711806656126493,0.847380289410008,ROP,-0.16773569122224438,0.05143477887256473,0.3096740038154152
2.1939167616498847,0.8510820011281456,1.2248202119939968,ROST,0.6359186383885373,0.28443778049946095,0.476812123683876
1.111538037450127,2.9916501475141266,2.1922532638427863,RCL,0.582372980156269,1.3846112669490946,1.2558547726734859
0.9655045475104489,0.8036085746454865,1.3832551717969028,SPGI,0.11192608355122163,0.328273667373314,0.6156084012373798
1.4088589660782798,1.9761603112615347,1.164245842017514,CRM,0.6376006353124277,0.8945246924872995,0.5731493479050014
0.6632690536462883,0.8161913867438728,0.5805230237600816,SBAC,-0.21507187724643692,-0.07791562587594494,-0.07361797220496402
0.9306401619704638,0.6435886122718776,0.8777098259448448,SLB,-0.4087409977841588,-0.1937112671005366,-0.1999988742169168
0.6536866814095456,0.7807502321820348,1.3472207816068722,STX,-0.21782256783170506,-0.0924045500923658,0.40483761876850843
0.8206396203388759,0.6175314224545129,0.5267682491683611,SEE,0.2666293931180573,0.14665661259683874,-0.10042230891631079
1.0027048587961236,1.5219179815984554,1.1947300780152408,SRE,-0.2037257339194686,0.6585359687109734,0.5977551066474402
1.6250759130760026,1.8354933086305736,1.6582543491486414,NOW,0.9107870612687403,0.9829321454276659,0.9333872423471612
1.2443533800576094,0.9804640926930581,1.5363416883701362,SHW,-0.23899598544032613,0.38852830521021264,0.6443468975040254
0.5681967435658051,1.5385906696540081,1.952937349452162,SPG,0.2390237546929295,0.7187675397909788,0.8681432754713325
0.8881966532925697,1.2938837800094263,0.582695436001877,SWKS,0.10794185743409981,-0.4292994444130014,-0.22024919716968333
1.360382106182922,0.5601169573506306,0.9761585181682915,SJM,0.13877858081919484,-0.01016875717659091,-0.1353322258266279
1.0748197465206395,3.0045823091670663,1.3104057715785644,SNA,0.06823528022894626,1.2141871147142014,0.8085284039404672
1.1379695570736004,0.7744535802053093,2.052917357270156,SEDG,-0.012131184850527884,-0.4684127337397166,-0.6985295605584482
1.1705060236777662,0.7457449964330487,1.6830410380167613,SO,-0.5912856597419147,0.05507072534989876,0.7210916996916652
0.9531745345563931,1.2907596234476246,0.6378077654434593,LUV,0.43269575819426526,0.48720127472773533,0.06842359682024017
0.8404580160557481,1.3671815487470502,0.6052830712876166,SWK,-0.45945396703692454,-0.41845509252192636,-0.044636119869902666
0.7459690670161131,1.5986806237486846,0.7123035492799875,SBUX,-0.052331124480752646,0.44477196953413367,0.18668985342122724
1.0765861085346586,1.8595156211405102,1.2365726905021006,STT,0.48604868322065825,0.9066759229583977,0.6117236400176363
0.8237720821244215,1.2572320787289808,0.9342977085396408,STLD,-0.27722449907238467,0.28201350538065223,0.3392232938682412
0.628153894495259,0.9948263680994643,0.5309063688612157,STE,-0.18475906803046166,-0.2944926911657757,0.07067629809432827
0.46387027225176414,1.3269047604036432,1.391505236459039,SYK,0.02544616244158359,0.5156932779511973,0.6516931917748975
0.8495180029898288,2.4575418950981147,1.9332784447885356,SYF,0.4881850032353318,1.1434686922463324,0.9761690200463184
1.289528961130714,0.6206891021253816,0.7104440729811234,SNPS,-0.43014140296022507,-0.04917910645889137,0.17090968194256573
1.7251139416395274,0.6156555810668244,0.7395665688872914,SYY,0.7291684972347215,0.3478472837150035,0.17684351522438216
1.2036232584554798,2.359275532482966,2.454897629098018,TMUS,-0.05373928574432381,1.0944140782987015,1.2742584498329343
1.2237834992339363,1.3476066003006109,0.6569623610781449,TROW,0.4393163703267851,0.5385135129567021,0.16314593990077877
0.9921980844858664,1.993847017893924,0.7535845056982051,TTWO,0.4604167328151784,0.8894914296092945,0.4110485303975165
2.4607482518860753,2.4391444551048096,1.4461840223332796,TPR,0.8242468244803354,1.140175656167386,0.7055592770107817
1.2336185955002592,2.817397676427353,2.9679039358592627,TRGP,-0.2089840741723523,1.2001921782960079,1.5765619983868497
2.725417512712749,1.036552410590768,0.8133503276045698,TGT,-0.2705088186362019,-0.3759855332906481,-0.0846138917512892
0.7109297686303153,0.5355566834635253,0.9084918420538207,TEL,0.010336715184123399,0.10288968863869706,0.28331574644018653
0.9120302104224303,1.502408395104258,0.7489252635553914,TDY,-0.07689477807999055,0.5655030309724082,0.32786440301622477
0.6331859800646685,1.9674949776881117,0.6763734908794526,TFX,-0.528608169817356,-0.7637999821701177,-0.271479854333919
1.4012189774173656,1.108508237732611,0.8666621014140807,TER,0.4545560436839308,-0.24879636123183102,0.07109943179907458
1.417379109049937,2.0661045626209598,0.9205790546528474,TSLA,0.9696762683354233,1.0941145382531874,0.4740703061135252
1.1182790570410035,0.724052585315014,1.1451167439901448,TXN,-0.5014975165815291,-0.08786757797802969,0.3420330274213996
1.0447297506443416,0.689156799081529,1.0273513791600197,TXT,-0.3376012706999842,-0.23299049260348995,0.13793804968105244
1.065055294355725,1.4943421371024768,0.7310235089645818,TMO,0.02628708353522328,-0.46743426283343303,-0.005224127836741026
1.596653062699461,1.221714077356417,1.8900054255579943,TJX,0.6813754193677866,0.742957025695707,0.9930123045037331
0.8469019690769151,0.9589426598843058,1.343990024181346,TSCO,0.14001350368352844,0.1573404987734362,0.4701709085800403
0.6421772905011782,1.7352288656940065,2.805118053122589,TT,-0.1522052887248142,0.5880895592917854,1.2408732550642296
1.0503977544295404,1.1062983817565741,2.221790983036752,TDG,-0.16636025876200328,-0.024862706201324723,0.8167741389025518
0.9157712665103467,1.6887119787403073,1.7551102560864744,TRV,-0.27161971503436877,0.5337850456825631,0.7510433371779598
1.1214365068518606,2.3065426334476697,0.9512296810871335,TRMB,0.6175223586957197,0.9701803667912594,0.3866358985122136
0.6263888432411778,1.1158690931146977,1.3359127358511322,TFC,0.1335272344871084,0.6000373465999049,0.4346801047729636
1.0614984922707205,0.7915781129593297,1.8349555027804572,TYL,0.1431103816052439,0.5680141042635178,0.8771757291496005
0.5971913513228796,0.8861216442342997,0.930097271862205,TSN,0.09057798513491866,0.30484276098393925,0.19098803866986722
1.1427703681137835,1.537040374838646,1.2931207276437757,USB,0.12714274948597676,0.7035806095125966,0.48397504568839217
0.8114160405651134,0.975110941092689,1.073187155713124,UDR,-0.013162424219595131,0.32142090465531226,0.3697134287290433
1.9680839876637894,0.8396571976720938,0.9291288221283617,ULTA,0.7215197447657217,0.16148035483721834,-0.16392572899492758
1.0461534944301818,0.6163562435555026,0.9332824863952403,UNP,-0.16336871486087973,-0.03295518338502561,0.20180090879423962
1.089700240268379,4.034261573495042,1.5730522969137222,UAL,0.5013465319340339,1.648031080007619,0.8850962345929653
1.164695896295235,0.6372057472379166,0.8228046433736066,UPS,-0.33133663346463355,-0.06713793803926354,-0.24678546501950735
0.9037173815309871,1.25383197110187,1.8961777905894188,URI,-0.23213082721918932,0.36274812160183034,0.7843450725492662
1.1799917468999845,0.5578278883862824,0.8677908946287197,UNH,-0.4346131384863033,0.06178966033206917,0.3626864345304779
0.7072753607311464,1.2071640912567974,1.5495008980542384,UHS,-0.43433065457015374,-0.26328903175496043,0.4674614276140202
0.9018419365118803,0.7328418895569894,0.9346262876915604,VLO,-0.29753336795008734,-0.19653296477144647,0.06287292901545947
1.0176690928765222,1.089565781339495,1.667383916457534,VTR,-0.5207249818930766,0.30146992775481823,0.715121039180732
1.444319979056366,0.7252874519506256,0.8436431481066662,VRSN,0.7087964600675696,0.30483661093633124,-0.06826933652994124
0.8937089322968014,1.038465077160201,1.1125733726648421,VRSK,0.06307858366878076,0.5045133141108645,0.6486482250856558
1.606304238526811,0.9196289626123241,1.2876502183887155,VZ,-0.07209588904827302,0.17539662033268488,0.3673147553642893
1.0784136231578112,0.6663486385310207,1.4915838635959,VRTX,-0.02218055330288594,-0.040741642046051435,0.5692854472795842
0.8199021864065026,0.903721562932448,0.5000695159832402,VFC,0.23403685239489488,0.3602626871803967,-0.059981044352867725
0.788737602127544,0.9764267394240314,0.8926735815129202,VTRS,-0.04832377960653122,0.4097642345152458,0.3037480205815977
0.8823135942212131,0.7265137072556176,0.7730704543405728,VICI,-0.20874805746624142,0.07376612421175917,0.29033885138458776
0.5552393645197615,1.8606285503684332,1.269201501142384,V,0.21435151978980282,0.7917606567078617,0.6502054116068895
0.7514904476093374,1.352562455489901,1.1917411340992117,VMC,-0.018901312720459466,0.4555117746296709,0.5265737362034109
0.8839053723498641,2.3158454750587234,2.619977530159668,WAB,0.42044529917331896,0.9246631214180552,1.261803724235297
0.9098862919173051,0.6659382106142375,1.748442707306418,WBA,0.30650920114564556,-0.2179082705881947,-0.807094609879461
2.8487174874309282,2.8239522853433274,3.0164828000918766,WMT,1.1141186906056688,1.5366314669671874,1.6674884677833497
1.316110619205657,1.36470022369692,0.5897800674949222,WBD,0.6611489615019805,0.6629371975148702,-0.12443092118841517
1.135322845616274,1.0303919386127074,1.869920693217716,WM,-0.18620549138204107,0.3703548663543119,0.6887937866912394
1.3024652970615183,0.960087366609532,0.9615363115801377,WAT,0.370581205979063,0.46209241291208497,0.3470425976648482
1.2117597593637617,1.211158725345555,1.0243959101097662,WEC,-0.21216945726903824,0.5472205380532545,0.4531730096836166
0.9739101394641031,2.4780472289957918,1.6955475743416795,WFC,0.03626205033252964,0.9523055860777236,0.7770298690348557
1.2427266715348722,1.6208548134304315,2.245243832152178,WELL,-0.5152284729536262,0.6128710350652705,1.103563099349321
0.9770199580596084,0.5101832060551605,0.6392749205229763,WST,0.05376673312627732,0.07930832856859993,-0.11414457540518351
1.7662858897778402,0.724422698825725,1.328250729202591,WDC,0.20080654307896226,0.11946127580716608,0.3455913659649495
0.8982947765652946,0.7729294912624778,0.6076687204411438,WY,-0.05117690572894323,-0.016231048083791957,0.03537313324840067
1.2920336855952343,1.1533458568575816,0.7335714052911588,WHR,0.7256980817410356,0.5498563414952378,-0.00979673997116407
1.2509994504012047,2.70725735424795,2.317257990285016,WMB,-0.24818353219434539,1.0464145999648433,1.2418233331752822
1.191654825972329,1.2781395050605495,1.623983346396327,WTW,0.01834474575701598,0.6210227925190671,0.7059564091498599
0.885850375061466,2.1065457519373156,2.061138636186585,GWW,-0.12289267001721152,0.80989420123804,1.0652070766513453
1.0359444148799322,1.7513474861705705,0.5498877381871119,WYNN,0.2330273489035689,0.18200774823197113,0.03610231197319838
1.1663763190973884,1.6941494517913744,1.0259104468160758,XEL,-0.0011263509374336612,0.7945216020587741,0.42843431476188026
1.011640618574829,0.9107768022463295,1.3425801413742626,XYL,0.24640425002179875,-0.17043128230975751,0.29214141626483575
1.1337652742510989,0.522099412190901,0.6540963249336753,YUM,0.3138315579430992,0.1943172467786575,0.22484177409905687
1.2408864998359472,1.5276631479157226,1.172367114877874,ZBRA,0.3572797083845795,0.6934284888550952,0.4421361626827701
0.6449891441711536,0.7194055385156747,0.850197558591889,ZBH,-0.09396879093031635,-0.010749003285094897,-0.2023467146127591
0.5831231310530922,1.676402663951527,1.3017747109329465,ZION,0.05563023533549674,0.7567148425674117,0.4970218235385838
0.31293714461256394,0.794365054239238,0.6153800171291172,ZTS,-0.032686606187289836,-0.1718570840781774,0.04812665785789232
